RK	SEASON	TEAM	HighRound	GP	TOI 5v5	TOI 5v4	TOI 5v3	TOI 4v5	TOI 4v4	TOI 4v3	TOI 3v5	TOI 3v4	TOI 3v3	5v5 TOI Tot	5v5 GF	5v5 GA	5v5 GF/60	5v5 SF/60	5v5 Sh%	5v5 GA/60	5v5 SA/60	5v5 Sv%	5v5 +-per60	5v4 TOI Tot	5v4 GF	5v4 GA	5v4 GF/60	5v4 SF/60	5v4 Sh%	5v4 GA/60	5v4 SA/60	5v4 Sv%	5v4 +-per60	4v5 TOI Tot	4v5 GF	4v5 GA	4v5 GF/60	4v5 SF/60	4v5 Sh%	4v5 GA/60	4v5 SA/60	4v5 Sv%	4v5 +-per60	
1	2011-2012 Season	N.J	Final	82	48.7	5.1	0.1	5.2	1.7	0.1	0.1	0.1	0	3992.8	149	159	2.2	26.2	915	2.4	26.3	909	-0.2	420.6	39	11	5.6	45.2	877	1.6	9.4	833	4	423.1	15	24	2.1	12.8	833	3.4	42.7	920	-1.3
2	2011-2012 Season	PIT	Quarter	82	47.8	5.4	0.2	5.4	1.9	0.1	0.1	0.1	0	3920.4	196	169	3	33	909	2.6	27.1	905	0.4	440.6	49	10	6.7	56.5	882	1.4	11.3	880	5.3	440	10	30	1.4	8.9	846	4.1	40.1	898	-2.7
3	2011-2012 Season	MTL		82	46.5	5.9	0.1	6	2.2	0.1	0.2	0.1	0	3814.1	149	160	2.3	27.6	915	2.5	29.8	916	-0.2	485.8	35	8	4.3	47.5	909	1	11.4	913	3.3	495.6	9	35	1.1	9.6	886	4.2	38.1	889	-3.1
4	2011-2012 Season	L.A	Champ	82	47.1	5.5	0.2	6	2.1	0.2	0.1	0.1	0	3858.3	127	122	2	30.7	936	1.9	26.4	928	0.1	450.6	38	2	5.1	45.1	888	0.3	6.3	957	4.8	488.8	9	34	1.1	6.6	833	4.2	49.1	915	-3.1
5	2011-2012 Season	NYR	Conference	82	48.1	5.3	0.2	5.2	1.9	0.1	0.1	0.2	0	3944.4	160	139	2.4	27.8	912	2.1	27.6	923	0.3	437.9	38	4	5.2	43.6	881	0.5	7.7	929	4.7	423.6	8	34	1.1	9.9	886	4.8	46.6	897	-3.7
6	2011-2012 Season	STL	Semi	82	47.7	5	0.1	5.6	2.3	0.1	0.1	0.1	0	3909.7	147	109	2.3	30.2	925	1.7	26	936	0.6	414	40	3	5.8	50.3	885	0.4	6.4	932	5.4	463.2	7	36	0.9	8.4	892	4.7	43	892	-3.8
7	2011-2012 Season	BOS	Quarter	82	49	4.9	0.1	4.8	1.6	0.3	0.2	0.1	0	4016.3	201	152	3	32	906	2.3	29.2	922	0.7	400.4	41	1	6.1	46.6	868	0.1	8.5	982	6	395.2	8	34	1.2	12	899	5.2	49.5	896	-3.9
8	2011-2012 Season	PHX	Conference	82	49	5	0.1	4.9	1.9	0.1	0.1	0	0	4016.6	166	147	2.5	29.8	917	2.2	31.2	930	0.3	407.3	30	6	4.4	40.4	891	0.9	8.1	891	3.5	400.8	6	33	0.9	8.1	889	4.9	55.2	911	-4
9	2011-2012 Season	VAN	Quarter	82	47.3	5.3	0.2	5.7	2.4	0.1	0.1	0.1	0	3881.1	167	139	2.6	30.1	914	2.1	30.1	929	0.4	433	50	5	6.9	56.1	877	0.7	8.9	922	6.2	468.4	7	39	0.9	8.6	896	5	52.4	905	-4.1
10	2011-2012 Season	CAR		82	48.4	5.5	0.2	4.6	1.8	0.1	0.1	0.1	0	3965.1	145	173	2.2	29	924	2.6	32	918	-0.4	449.4	45	4	6	50.2	880	0.5	12	956	5.5	377.9	12	41	1.9	12.7	850	6.5	51.3	873	-4.6
11	2011-2012 Season	CGY		82	48.5	5.2	0.1	4.9	2	0	0.2	0.1	0	3980.9	143	161	2.2	27	920	2.4	30.4	920	-0.3	423.5	45	6	6.4	48.6	869	0.9	7.5	887	5.5	404.3	3	35	0.4	6.5	932	5.2	47.5	891	-4.7
12	2011-2012 Season	COL		82	49	4.3	0	5.7	1.8	0	0.1	0	0	4022.1	142	161	2.1	31	932	2.4	29.5	919	-0.3	356.1	39	4	6.6	54.3	879	0.7	7.6	911	5.9	464.4	5	43	0.6	10.9	940	5.6	40.8	864	-4.9
13	2011-2012 Season	MIN		82	48	4.9	0.1	5.5	2.3	0.1	0.1	0.1	0	3937	118	156	1.8	25.8	930	2.4	30.8	923	-0.6	405.1	34	4	5	48.9	897	0.6	7.4	920	4.4	454	5	43	0.7	6.9	904	5.7	48.8	883	-5
14	2011-2012 Season	OTT	Quarter	82	47.4	5.1	0.1	6	1.8	0.1	0.1	0.1	0	3886.5	178	162	2.7	31.7	913	2.5	30.7	918	0.2	419.6	43	7	6.1	47.6	871	1	11.6	914	5.1	495	9	52	1.1	10.1	892	6.3	52.9	881	-5.2
15	2011-2012 Season	ANA		82	48.3	5.2	0.1	5.4	1.4	0.1	0.2	0.1	0	3963.3	147	163	2.2	27	918	2.5	28.6	914	-0.2	427.1	43	5	6	54.6	889	0.7	7.3	904	5.3	443.7	4	43	0.5	7.4	927	5.8	45.6	872	-5.3
16	2011-2012 Season	NSH	Semi	82	49.6	4.8	0.1	4.6	1.6	0	0.1	0.1	0	4064	168	157	2.5	27.4	909	2.3	30.5	924	0.2	392.2	50	4	7.6	45.4	832	0.6	7.5	918	7	373.3	5	38	0.8	6.6	878	6.1	53.2	885	-5.3
17	2011-2012 Season	NYI		82	49.6	4.7	0.1	4.6	1.7	0.1	0.1	0.1	0	4063.8	144	193	2.1	28.8	926	2.8	29.3	903	-0.7	387.1	44	5	6.8	47.9	858	0.8	10.5	926	6	378.2	4	38	0.6	8.9	929	6	50.3	880	-5.4
18	2011-2012 Season	PHI	Semi	82	45.9	6.5	0.1	6	2.2	0.1	0.2	0.1	0	3760.9	175	156	2.8	31.3	911	2.5	28.7	913	0.3	532.1	60	8	6.8	51	867	0.9	7.8	884	5.9	488.6	6	50	0.7	11.8	938	6.1	40.2	847	-5.4
19	2011-2012 Season	EDM		82	47.8	5.1	0.1	5.8	1.7	0	0.2	0.2	0	3916.4	145	165	2.2	26.9	917	2.5	30.2	916	-0.3	419.3	50	8	7.2	44.4	839	1.1	8	857	6	476	5	48	0.6	6.6	904	6.1	47.1	872	-5.4
20	2011-2012 Season	BUF		82	48.9	4.9	0.1	4.9	1.9	0.3	0.1	0.3	0	4008.4	157	160	2.4	28.3	917	2.4	30.2	921	0	402.9	39	7	5.8	52.1	889	1	11.3	908	4.8	405.8	5	43	0.7	8	907	6.4	54.9	884	-5.6
21	2011-2012 Season	DAL		82	48	4.8	0.1	5.7	1.9	0.1	0.1	0.1	0	3934.1	158	160	2.4	28.9	917	2.4	29.6	918	0	397.6	31	3	4.7	39.8	883	0.5	7.8	942	4.2	470	5	49	0.6	8.2	922	6.3	54.6	886	-5.6
22	2011-2012 Season	WSH	Semi	82	49	4.7	0.1	5.2	1.5	0.1	0.1	0.1	0	4020.5	161	158	2.4	27.9	914	2.4	29.3	920	0	386.6	36	10	5.6	47.5	882	1.6	10.4	851	4	425	3	46	0.4	6.2	932	6.5	49.4	869	-6.1
23	2011-2012 Season	DET	Quarter	82	47.8	5.7	0.1	5.3	1.7	0.1	0.1	0	0	3922.5	186	133	2.8	31.8	910	2	26.3	923	0.8	470.4	45	11	5.7	50	885	1.4	8	825	4.3	437	2	47	0.3	8.2	967	6.5	46.5	861	-6.2
24	2011-2012 Season	CHI	Quarter	82	48.9	5.6	0.1	4.6	1.8	0.1	0	0	0	4013.8	186	171	2.8	31.2	911	2.6	27.8	908	0.2	458.4	37	3	4.8	45.8	894	0.4	5.5	929	4.5	377.2	7	48	1.1	8.1	863	7.6	56	864	-6.5
25	2011-2012 Season	ATL		82	48.5	4.8	0.2	5.5	1.6	0	0.2	0.1	0	3972.9	162	169	2.4	30.1	919	2.6	29.1	912	-0.1	397.5	41	8	6.2	45.6	864	1.2	8.8	862	5	449.6	3	52	0.4	8.7	954	6.9	51.4	865	-6.5
26	2011-2012 Season	TOR		82	49.2	5.1	0.1	4.6	1.6	0.1	0.1	0.1	0	4033.2	161	191	2.4	27.8	914	2.8	30.1	906	-0.4	416	43	5	6.2	45.1	863	0.7	10	928	5.5	374.6	5	46	0.8	8.5	906	7.4	51.1	856	-6.6
27	2011-2012 Season	FLA	Quarter	82	48.9	5.6	0.1	4.5	1.9	0.1	0.1	0	0	4008.6	138	149	2.1	28.6	928	2.2	29.8	925	-0.2	461	48	6	6.2	48.8	872	0.8	7	889	5.5	370.5	3	44	0.5	8.1	940	7.1	54.3	869	-6.6
28	2011-2012 Season	S.J	Quarter	82	49.4	5.3	0.1	4.2	1.9	0.1	0.1	0.1	0	4050.9	153	140	2.3	32.3	930	2.1	27.9	926	0.2	433.1	53	4	7.3	62.9	883	0.6	7.6	927	6.8	347.6	3	44	0.5	5.7	909	7.6	50.6	850	-7.1
29	2011-2012 Season	T.B		82	48.4	5.1	0.1	5.3	1.7	0.1	0.1	0.1	0	3965.8	177	196	2.7	27	901	3	29.3	899	-0.3	417.4	37	12	5.3	41.5	872	1.7	11.1	844	3.6	432.2	2	54	0.3	7.1	961	7.5	53.4	860	-7.2
30	2011-2012 Season	CBJ		82	47.2	6.3	0.1	5.1	1.6	0.1	0.1	0.1	0	3869.4	140	176	2.2	28.2	923	2.7	31.2	913	-0.6	519	43	8	5	55.4	910	0.9	7.4	875	4	418.2	7	63	1	9	889	9	52.2	827	-8
